threads,time,speedup,efficiency
1,0.294217,0.998272,0.998272
2,0.301268,0.974907,0.487454
4,0.298824,0.982882,0.245721
8,0.320386,0.916732,0.114591
